"都道府県名","市区町村名","総数（人口）
【H30.1.1時点】","交付枚数
【H30.7.1時点】","交付率"
"全国","",127707259,14672462,11.5
"北海道","札幌市",1952348,191036,9.8
"北海道","函館市",262519,24162,9.2
"北海道","小樽市",118948,12271,10.3
"北海道","旭川市",340211,27875,8.2
"北海道","室蘭市",85807,10279,12.0
"北海道","釧路市",172391,17544,10.2
"北海道","帯広市",167653,14984,8.9
"北海道","北見市",118787,12265,10.3
"北海道","夕張市",8362,1034,12.4
"北海道","岩見沢市",82823,8430,10.2
"北海道","網走市",36322,3797,10.5
"北海道","留萌市",21757,2100,9.7
"北海道","苫小牧市",172373,19905,11.5
"北海道","稚内市",34834,4178,12.0
"北海道","美唄市",22211,2150,9.7
"北海道","芦別市",14014,1625,11.6
"北海道","江別市",118999,10468,8.8
"北海道","赤平市",10464,1359,13.0
"北海道","紋別市",22527,1661,7.4
"北海道","士別市",19348,1877,9.7
"北海道","名寄市",27909,2810,10.1
"北海道","三笠市",8784,1034,11.8
"北海道","根室市",26399,2069,7.8
"北海道","千歳市",96841,12397,12.8
"北海道","滝川市",40843,4296,10.5
"北海道","砂川市",17364,1850,10.7
"北海道","歌志内市",3408,377,11.1
"北海道","深川市",21237,1751,8.2
"北海道","富良野市",22284,2510,11.3
"北海道","登別市",48852,5124,10.5
"北海道","恵庭市",69521,8136,11.7
"北海道","伊達市",34772,3276,9.4
"北海道","北広島市",58828,5575,9.5
"北海道","石狩市",58502,6156,10.5
"北海道","北斗市",46829,3662,7.8
"北海道","石狩郡当別町",16365,1734,10.6
"北海道","石狩郡新篠津村",3173,208,6.6
"北海道","松前郡松前町",7539,819,10.9
"北海道","松前郡福島町",4232,310,7.3
"北海道","上磯郡知内町",4475,277,6.2
"北海道","上磯郡木古内町",4288,413,9.6
"北海道","亀田郡七飯町",28563,2574,9.0
"北海道","茅部郡鹿部町",4009,349,8.7
"北海道","茅部郡森町",15892,1159,7.3
"北海道","二海郡八雲町",16960,1382,8.1
"北海道","山越郡長万部町",5517,465,8.4
"北海道","檜山郡江差町",7895,663,8.4
"北海道","檜山郡上ノ国町",4988,413,8.3
"北海道","檜山郡厚沢部町",3992,306,7.7
"北海道","爾志郡乙部町",3833,175,4.6
"北海道","奥尻郡奥尻町",2742,241,8.8
"北海道","瀬棚郡今金町",5475,639,11.7
"北海道","久遠郡せたな町",8195,520,6.3
"北海道","島牧郡島牧村",1517,151,10.0
"北海道","寿都郡寿都町",3048,331,10.9
"北海道","寿都郡黒松内町",2904,216,7.4
"北海道","磯谷郡蘭越町",4767,413,8.7
"北海道","虻田郡ニセコ町",5203,420,8.1
"北海道","虻田郡真狩村",2088,161,7.7
"北海道","虻田郡留寿都村",2049,198,9.7
"北海道","虻田郡喜茂別町",2248,148,6.6
"北海道","虻田郡京極町",3080,213,6.9
"北海道","虻田郡倶知安町",16432,1498,9.1
"北海道","岩内郡共和町",6034,662,11.0
"北海道","岩内郡岩内町",12931,1277,9.9
"北海道","古宇郡泊村",1671,191,11.4
"北海道","古宇郡神恵内村",893,81,9.1
"北海道","積丹郡積丹町",2121,193,9.1
"北海道","古平郡古平町",3185,252,7.9
"北海道","余市郡仁木町",3386,295,8.7
"北海道","余市郡余市町",19238,1637,8.5
"北海道","余市郡赤井川村",1262,109,8.6
"北海道","空知郡南幌町",7687,875,11.4
"北海道","空知郡奈井江町",5527,719,13.0
"北海道","空知郡上砂川町",3125,372,11.9
"北海道","夕張郡由仁町",5281,617,11.7
"北海道","夕張郡長沼町",11042,1325,12.0
"北海道","夕張郡栗山町",12052,1385,11.5
"北海道","樺戸郡月形町",3298,217,6.6
"北海道","樺戸郡浦臼町",1893,308,16.3
"北海道","樺戸郡新十津川町",6701,793,11.8
"北海道","雨竜郡妹背牛町",3020,472,15.6
"北海道","雨竜郡秩父別町",2436,241,9.9
"北海道","雨竜郡雨竜町",2503,282,11.3
"北海道","雨竜郡北竜町",1908,254,13.3
"北海道","雨竜郡沼田町",3149,368,11.7
"北海道","上川郡鷹栖町",7004,521,7.4
"北海道","上川郡東神楽町",10380,802,7.7
"北海道","上川郡当麻町",6560,549,8.4
"北海道","上川郡比布町",3794,227,6.0
"北海道","上川郡愛別町",2879,304,10.6
"北海道","上川郡上川町",3706,477,12.9
"北海道","上川郡東川町",8328,771,9.3
"北海道","上川郡美瑛町",10211,781,7.6
"北海道","空知郡上富良野町",10967,1474,13.4
"北海道","空知郡中富良野町",5078,492,9.7
"北海道","空知郡南富良野町",2563,256,10.0
"北海道","勇払郡占冠村",1450,136,9.4
"北海道","上川郡和寒町",3476,326,9.4
"北海道","上川郡剣淵町",3176,305,9.6
"北海道","上川郡下川町",3339,237,7.1
"北海道","中川郡美深町",4482,418,9.3
"北海道","中川郡音威子府村",771,81,10.5
"北海道","中川郡中川町",1577,214,13.6
"北海道","雨竜郡幌加内町",1553,232,14.9
"北海道","増毛郡増毛町",4435,472,10.6
"北海道","留萌郡小平町",3216,260,8.1
"北海道","苫前郡苫前町",3193,266,8.3
"北海道","苫前郡羽幌町",7157,686,9.6
"北海道","苫前郡初山別村",1197,109,9.1
"北海道","天塩郡遠別町",2718,238,8.8
"北海道","天塩郡天塩町",3161,333,10.5
"北海道","宗谷郡猿払村",2723,193,7.1
"北海道","枝幸郡浜頓別町",3727,355,9.5
"北海道","枝幸郡中頓別町",1762,117,6.6
"北海道","枝幸郡枝幸町",8332,1292,15.5
"北海道","天塩郡豊富町",3991,459,11.5
"北海道","礼文郡礼文町",2598,266,10.2
"北海道","利尻郡利尻町",2100,241,11.5
"北海道","利尻郡利尻富士町",2578,206,8.0
"北海道","天塩郡幌延町",2394,256,10.7
"北海道","網走郡美幌町",19954,2097,10.5
"北海道","網走郡津別町",4846,354,7.3
"北海道","斜里郡斜里町",11723,1139,9.7
"北海道","斜里郡清里町",4166,337,8.1
"北海道","斜里郡小清水町",4983,448,9.0
"北海道","常呂郡訓子府町",5110,353,6.9
"北海道","常呂郡置戸町",2976,384,12.9
"北海道","常呂郡佐呂間町",5243,395,7.5
"北海道","紋別郡遠軽町",20362,1693,8.3
"北海道","紋別郡湧別町",9066,656,7.2
"北海道","紋別郡滝上町",2666,236,8.9
"北海道","紋別郡興部町",3887,307,7.9
"北海道","紋別郡西興部村",1117,78,7.0
"北海道","紋別郡雄武町",4508,387,8.6
"北海道","網走郡大空町",7282,479,6.6
"北海道","虻田郡豊浦町",4080,320,7.8
"北海道","有珠郡壮瞥町",2601,358,13.8
"北海道","白老郡白老町",17314,2008,11.6
"北海道","勇払郡厚真町",4661,484,10.4
"北海道","虻田郡洞爺湖町",9038,825,9.1
"北海道","勇払郡安平町",8167,800,9.8
"北海道","勇払郡むかわ町",8378,952,11.4
"北海道","沙流郡日高町",12355,1011,8.2
"北海道","沙流郡平取町",5141,411,8.0
"北海道","新冠郡新冠町",5574,421,7.6
"北海道","浦河郡浦河町",12617,979,7.8
"北海道","様似郡様似町",4420,276,6.2
"北海道","幌泉郡えりも町",4853,272,5.6
"北海道","日高郡新ひだか町",23011,1944,8.4
"北海道","河東郡音更町",45032,3138,7.0
"北海道","河東郡士幌町",6214,450,7.2
"北海道","河東郡上士幌町",4988,383,7.7
"北海道","河東郡鹿追町",5503,559,10.2
"北海道","上川郡新得町",6292,480,7.6
"北海道","上川郡清水町",9597,572,6.0
"北海道","河西郡芽室町",18734,1284,6.9
"北海道","河西郡中札内村",3958,314,7.9
"北海道","河西郡更別村",3235,270,8.3
"北海道","広尾郡大樹町",5650,432,7.6
"北海道","広尾郡広尾町",7030,559,8.0
"北海道","中川郡幕別町",27068,2028,7.5
"北海道","中川郡池田町",6875,727,10.6
"北海道","中川郡豊頃町",3212,256,8.0
"北海道","中川郡本別町",7254,518,7.1
"北海道","足寄郡足寄町",7061,613,8.7
"北海道","足寄郡陸別町",2442,199,8.1
"北海道","十勝郡浦幌町",4870,412,8.5
"北海道","釧路郡釧路町",19946,1625,8.1
"北海道","厚岸郡厚岸町",9648,684,7.1
"北海道","厚岸郡浜中町",5997,446,7.4
"北海道","川上郡標茶町",7728,486,6.3
"北海道","川上郡弟子屈町",7428,578,7.8
"北海道","阿寒郡鶴居村",2538,204,8.0
"北海道","白糠郡白糠町",8037,705,8.8
"北海道","野付郡別海町",15377,1275,8.3
"北海道","標津郡中標津町",23661,2254,9.5
"北海道","標津郡標津町",5375,486,9.0
"北海道","目梨郡羅臼町",5231,385,7.4
"青森県","青森市",287574,32207,11.2
"青森県","弘前市",174050,17872,10.3
"青森県","八戸市",232361,26877,11.6
"青森県","黒石市",34045,2578,7.6
"青森県","五所川原市",55741,5313,9.5
"青森県","十和田市",62296,7295,11.7
"青森県","三沢市",40227,4959,12.3
"青森県","むつ市",58904,6239,10.6
"青森県","つがる市",33254,4164,12.5
"青森県","平川市",31708,2102,6.6
"青森県","東津軽郡平内町",11273,1114,9.9
"青森県","東津軽郡今別町",2759,378,13.7
"青森県","東津軽郡蓬田村",2868,244,8.5
"青森県","東津軽郡外ヶ浜町",6295,609,9.7
"青森県","西津軽郡鰺ヶ沢町",10306,988,9.6
"青森県","西津軽郡深浦町",8463,681,8.0
"青森県","中津軽郡西目屋村",1356,119,8.8
"青森県","南津軽郡藤崎町",15172,921,6.1
"青森県","南津軽郡大鰐町",9824,856,8.7
"青森県","南津軽郡田舎館村",7976,540,6.8
"青森県","北津軽郡板柳町",13967,935,6.7
"青森県","北津軽郡鶴田町",13228,738,5.6
"青森県","北津軽郡中泊町",11406,726,6.4
"青森県","上北郡野辺地町",13562,1677,12.4
"青森県","上北郡七戸町",16044,1603,10.0
"青森県","上北郡六戸町",10998,1323,12.0
"青森県","上北郡横浜町",4648,675,14.5
"青森県","上北郡東北町",17932,1832,10.2
"青森県","上北郡六ヶ所村",10475,972,9.3
"青森県","上北郡おいらせ町",25300,2433,9.6
"青森県","下北郡大間町",5482,417,7.6
"青森県","下北郡東通村",6601,578,8.8
"青森県","下北郡風間浦村",1982,161,8.1
"青森県","下北郡佐井村",2102,253,12.0
"青森県","三戸郡三戸町",10333,1097,10.6
"青森県","三戸郡五戸町",17627,1633,9.3
"青森県","三戸郡田子町",5664,516,9.1
"青森県","三戸郡南部町",18599,1439,7.7
"青森県","三戸郡階上町",13719,1432,10.4
"青森県","三戸郡新郷村",2586,252,9.7
"岩手県","盛岡市",291859,35512,12.2
"岩手県","宮古市",54159,6943,12.8
"岩手県","大船渡市",37264,3579,9.6
"岩手県","花巻市",97027,9542,9.8
"岩手県","北上市",92911,7613,8.2
"岩手県","久慈市",35678,3082,8.6
"岩手県","遠野市",27772,2727,9.8
"岩手県","一関市",119273,12531,10.5
"岩手県","陸前高田市",19553,1693,8.7
"岩手県","釜石市",34656,3301,9.5
"岩手県","二戸市",27566,2313,8.4
"岩手県","八幡平市",26287,3107,11.8
"岩手県","奥州市",118852,11516,9.7
"岩手県","滝沢市",55152,6156,11.2
"岩手県","岩手郡雫石町",16959,1579,9.3
"岩手県","岩手郡葛巻町",6355,1092,17.2
"岩手県","岩手郡岩手町",13761,1239,9.0
"岩手県","紫波郡紫波町",33288,3749,11.3
"岩手県","紫波郡矢巾町",27372,2647,9.7
"岩手県","和賀郡西和賀町",5839,353,6.0
"岩手県","胆沢郡金ケ崎町",15751,1425,9.0
"岩手県","西磐井郡平泉町",7780,757,9.7
"岩手県","気仙郡住田町",5652,811,14.3
"岩手県","上閉伊郡大槌町",12055,1102,9.1
"岩手県","下閉伊郡山田町",15984,1577,9.9
"岩手県","下閉伊郡岩泉町",9613,919,9.6
"岩手県","下閉伊郡田野畑村",3533,273,7.7
"岩手県","下閉伊郡普代村",2776,243,8.8
"岩手県","九戸郡軽米町",9399,911,9.7
"岩手県","九戸郡野田村",4315,409,9.5
"岩手県","九戸郡九戸村",5927,435,7.3
"岩手県","九戸郡洋野町",17131,1685,9.8
"岩手県","二戸郡一戸町",12830,1003,7.8
"宮城県","仙台市",1060545,125927,11.9
"宮城県","石巻市",146162,13414,9.2
"宮城県","塩竈市",54873,6943,12.7
"宮城県","気仙沼市",64947,6637,10.2
"宮城県","白石市",34718,3607,10.4
"宮城県","名取市",78460,8038,10.2
"宮城県","角田市",29713,3454,11.6
"宮城県","多賀城市",62474,7635,12.2
"宮城県","岩沼市",44221,4496,10.2
"宮城県","登米市",81094,5886,7.3
"宮城県","栗原市",69382,6682,9.6
"宮城県","東松島市",40247,4933,12.3
"宮城県","大崎市",132321,12816,9.7
"宮城県","富谷市",52635,5305,10.1
"宮城県","刈田郡蔵王町",12333,998,8.1
"宮城県","刈田郡七ヶ宿町",1427,219,15.3
"宮城県","柴田郡大河原町",23669,2416,10.2
"宮城県","柴田郡村田町",11262,1046,9.3
"宮城県","柴田郡柴田町",38012,4319,11.4
"宮城県","柴田郡川崎町",8912,603,6.8
"宮城県","伊具郡丸森町",13929,1252,9.0
"宮城県","亘理郡亘理町",33834,3444,10.2
"宮城県","亘理郡山元町",12415,1225,9.9
"宮城県","宮城郡松島町",14459,1843,12.7
"宮城県","宮城郡七ヶ浜町",18983,1630,8.6
"宮城県","宮城郡利府町",36250,4538,12.5
"宮城県","黒川郡大和町",28697,2683,9.3
"宮城県","黒川郡大郷町",8235,513,6.2
"宮城県","黒川郡大衡村",5875,478,8.1
"宮城県","加美郡色麻町",6997,479,6.8
"宮城県","加美郡加美町",23853,1598,6.7
"宮城県","遠田郡涌谷町",16592,1169,7.0
"宮城県","遠田郡美里町",24707,2381,9.6
"宮城県","牡鹿郡女川町",6637,609,9.2
"宮城県","本吉郡南三陸町",13210,1233,9.3
"秋田県","秋田市",312374,33310,10.7
"秋田県","能代市",54275,4876,9.0
"秋田県","横手市",91743,7552,8.2
"秋田県","大館市",73632,6478,8.8
"秋田県","男鹿市",28407,2084,7.3
"秋田県","湯沢市",46330,3116,6.7
"秋田県","鹿角市",31604,2893,9.2
"秋田県","由利本荘市",78505,6598,8.4
"秋田県","潟上市",33213,2655,8.0
"秋田県","大仙市",83014,6424,7.7
"秋田県","北秋田市",32837,2541,7.7
"秋田県","にかほ市",25146,1780,7.1
"秋田県","仙北市",26991,2323,8.6
"秋田県","鹿角郡小坂町",5235,492,9.4
"秋田県","北秋田郡上小阿仁村",2375,207,8.7
"秋田県","山本郡藤里町",3374,334,9.9
"秋田県","山本郡三種町",17084,1222,7.2
"秋田県","山本郡八峰町",7361,458,6.2
"秋田県","南秋田郡五城目町",9524,724,7.6
"秋田県","南秋田郡八郎潟町",6022,462,7.7
"秋田県","南秋田郡井川町",4877,247,5.1
"秋田県","南秋田郡大潟村",3205,277,8.6
"秋田県","仙北郡美郷町",19983,1257,6.3
"秋田県","雄勝郡羽後町",15343,811,5.3
"秋田県","雄勝郡東成瀬村",2603,285,10.9
"山形県","山形市",248024,20339,8.2
"山形県","米沢市",81847,6006,7.3
"山形県","鶴岡市",128552,10194,7.9
"山形県","酒田市",104317,9386,9.0
"山形県","新庄市",36347,2903,8.0
"山形県","寒河江市",41463,3303,8.0
"山形県","上山市",30889,2334,7.6
"山形県","村山市",24707,1880,7.6
"山形県","長井市",27257,2554,9.4
"山形県","天童市",61998,5404,8.7
"山形県","東根市",47858,3905,8.2
"山形県","尾花沢市",16589,1203,7.3
"山形県","南陽市",31822,2209,6.9
"山形県","東村山郡山辺町",14521,1014,7.0
"山形県","東村山郡中山町",11421,928,8.1
"山形県","西村山郡河北町",18975,1613,8.5
"山形県","西村山郡西川町",5547,456,8.2
"山形県","西村山郡朝日町",7083,706,10.0
"山形県","西村山郡大江町",8403,853,10.2
"山形県","北村山郡大石田町",7257,592,8.2
"山形県","最上郡金山町",5674,400,7.0
"山形県","最上郡最上町",8820,704,8.0
"山形県","最上郡舟形町",5511,407,7.4
"山形県","最上郡真室川町",7978,596,7.5
"山形県","最上郡大蔵村",3346,334,10.0
"山形県","最上郡鮭川村",4329,292,6.7
"山形県","最上郡戸沢村",4704,373,7.9
"山形県","東置賜郡高畠町",23788,1644,6.9
"山形県","東置賜郡川西町",15516,1082,7.0
"山形県","西置賜郡小国町",7779,1541,19.8
"山形県","西置賜郡白鷹町",14061,1002,7.1
"山形県","西置賜郡飯豊町",7289,826,11.3
"山形県","東田川郡三川町",7474,521,7.0
"山形県","東田川郡庄内町",21692,1527,7.0
"山形県","飽海郡遊佐町",14146,1020,7.2
"福島県","福島市",281458,31381,11.1
"福島県","会津若松市",120756,12749,10.6
"福島県","郡山市",325683,31702,9.7
"福島県","いわき市",327090,29171,8.9
"福島県","白河市",61654,6276,10.2
"福島県","須賀川市",77153,6889,8.9
"福島県","喜多方市",48726,3986,8.2
"福島県","相馬市",35529,3668,10.3
"福島県","二本松市",55558,4733,8.5
"福島県","田村市",37689,4950,13.1
"福島県","南相馬市",61452,8816,14.3
"福島県","伊達市",61485,5446,8.9
"福島県","本宮市",30628,2388,7.8
"福島県","伊達郡桑折町",12089,829,6.9
"福島県","伊達郡国見町",9342,1047,11.2
"福島県","伊達郡川俣町",13733,1596,11.6
"福島県","安達郡大玉村",8656,553,6.4
"福島県","岩瀬郡鏡石町",12718,1093,8.6
"福島県","岩瀬郡天栄村",5782,400,6.9
"福島県","南会津郡下郷町",5845,452,7.7
"福島県","南会津郡檜枝岐村",576,121,21.0
"福島県","南会津郡只見町",4447,467,10.5
"福島県","南会津郡南会津町",16077,1665,10.4
"福島県","耶麻郡北塩原村",2874,250,8.7
"福島県","耶麻郡西会津町",6558,498,7.6
"福島県","耶麻郡磐梯町",3533,363,10.3
"福島県","耶麻郡猪苗代町",14641,1551,10.6
"福島県","河沼郡会津坂下町",16415,1278,7.8
"福島県","河沼郡湯川村",3315,257,7.8
"福島県","河沼郡柳津町",3494,265,7.6
"福島県","大沼郡三島町",1678,157,9.4
"福島県","大沼郡金山町",2135,272,12.7
"福島県","大沼郡昭和村",1294,382,29.5
"福島県","大沼郡会津美里町",20801,1690,8.1
"福島県","西白河郡西郷村",20116,1877,9.3
"福島県","西白河郡泉崎村",6519,608,9.3
"福島県","西白河郡中島村",5176,397,7.7
"福島県","西白河郡矢吹町",17552,1407,8.0
"福島県","東白川郡棚倉町",14327,1301,9.1
"福島県","東白川郡矢祭町",5917,445,7.5
"福島県","東白川郡塙町",9004,666,7.4
"福島県","東白川郡鮫川村",3518,269,7.6
"福島県","石川郡石川町",15645,1133,7.2
"福島県","石川郡玉川村",6857,413,6.0
"福島県","石川郡平田村",6294,432,6.9
"福島県","石川郡浅川町",6559,485,7.4
"福島県","石川郡古殿町",5419,339,6.3
"福島県","田村郡三春町",17397,3999,23.0
"福島県","田村郡小野町",10464,1070,10.2
"福島県","双葉郡広野町",4899,646,13.2
"福島県","双葉郡楢葉町",7143,898,12.6
"福島県","双葉郡富岡町",13260,3803,28.7
"福島県","双葉郡川内村",2717,286,10.5
"福島県","双葉郡大熊町",10533,2209,21.0
"福島県","双葉郡双葉町",6081,1039,17.1
"福島県","双葉郡浪江町",18020,2189,12.1
"福島県","双葉郡葛尾村",1442,164,11.4
"福島県","相馬郡新地町",8077,656,8.1
"福島県","相馬郡飯舘村",5880,374,6.4
"茨城県","水戸市",273243,30706,11.2
"茨城県","日立市",182391,25573,14.0
"茨城県","土浦市",143024,18776,13.1
"茨城県","古河市",144480,15293,10.6
"茨城県","石岡市",76062,8535,11.2
"茨城県","結城市",52566,5042,9.6
"茨城県","龍ケ崎市",77857,9591,12.3
"茨城県","下妻市",44328,3340,7.5
"茨城県","常総市",64036,6955,10.9
"茨城県","常陸太田市",53020,5050,9.5
"茨城県","高萩市",29232,3349,11.5
"茨城県","北茨城市",44206,4871,11.0
"茨城県","笠間市",76969,8116,10.5
"茨城県","取手市",108049,13392,12.4
"茨城県","牛久市",85255,10588,12.4
"茨城県","つくば市",230360,31558,13.7
"茨城県","ひたちなか市",159574,15355,9.6
"茨城県","鹿嶋市",68057,7586,11.1
"茨城県","潮来市",28641,2895,10.1
"茨城県","守谷市",66922,9329,13.9
"茨城県","常陸大宮市",42860,3808,8.9
"茨城県","那珂市",55230,5658,10.2
"茨城県","筑西市",106013,10650,10.0
"茨城県","坂東市",55057,4554,8.3
"茨城県","稲敷市",42123,4741,11.3
"茨城県","かすみがうら市",42413,4664,11.0
"茨城県","桜川市",42990,2772,6.4
"茨城県","神栖市",95354,10840,11.4
"茨城県","行方市",35694,3022,8.5
"茨城県","鉾田市",49742,4570,9.2
"茨城県","つくばみらい市",51590,6261,12.1
"茨城県","小美玉市",51747,5828,11.3
"茨城県","東茨城郡茨城町",33002,3425,10.4
"茨城県","東茨城郡大洗町",17203,1758,10.2
"茨城県","東茨城郡城里町",20029,1392,6.9
"茨城県","那珂郡東海村",38405,4061,10.6
"茨城県","久慈郡大子町",17744,1789,10.1
"茨城県","稲敷郡美浦村",15687,1633,10.4
"茨城県","稲敷郡阿見町",47506,5381,11.3
"茨城県","稲敷郡河内町",9104,746,8.2
"茨城県","結城郡八千代町",22722,1726,7.6
"茨城県","猿島郡五霞町",8740,2862,32.7
"茨城県","猿島郡境町",25319,2531,10.0
"茨城県","北相馬郡利根町",16541,2434,14.7
"栃木県","宇都宮市",522938,59835,11.4
"栃木県","足利市",150408,14159,9.4
"栃木県","栃木市",162027,13498,8.3
"栃木県","佐野市",119795,10709,8.9
"栃木県","鹿沼市",98652,8503,8.6
"栃木県","日光市",83761,9296,11.1
"栃木県","小山市",167410,20927,12.5
"栃木県","真岡市",80927,7345,9.1
"栃木県","大田原市",71908,7739,10.8
"栃木県","矢板市",33098,3062,9.3
"栃木県","那須塩原市",117902,12919,11.0
"栃木県","さくら市",44378,3684,8.3
"栃木県","那須烏山市",27161,2157,7.9
"栃木県","下野市",60323,6385,10.6
"栃木県","河内郡上三川町",31441,3150,10.0
"栃木県","芳賀郡益子町",23465,1746,7.4
"栃木県","芳賀郡茂木町",13353,1127,8.4
"栃木県","芳賀郡市貝町",11904,1124,9.4
"栃木県","芳賀郡芳賀町",15781,1954,12.4
"栃木県","下都賀郡壬生町",39664,4009,10.1
"栃木県","下都賀郡野木町",25735,3352,13.0
"栃木県","塩谷郡塩谷町",11537,720,6.2
"栃木県","塩谷郡高根沢町",29753,3370,11.3
"栃木県","那須郡那須町",25600,3543,13.8
"栃木県","那須郡那珂川町",16817,1452,8.6
"群馬県","前橋市",338226,36357,10.7
"群馬県","高崎市",374543,33470,8.9
"群馬県","桐生市",113745,12746,11.2
"群馬県","伊勢崎市",212965,25758,12.1
"群馬県","太田市",224574,17534,7.8
"群馬県","沼田市",49012,4356,8.9
"群馬県","館林市",76621,8014,10.5
"群馬県","渋川市",78973,5824,7.4
"群馬県","藤岡市",66223,5080,7.7
"群馬県","富岡市",49462,4446,9.0
"群馬県","安中市",58950,4896,8.3
"群馬県","みどり市",51249,4217,8.2
"群馬県","北群馬郡榛東村",14763,1170,7.9
"群馬県","北群馬郡吉岡町",21195,1306,6.2
"群馬県","多野郡上野村",1223,128,10.5
"群馬県","多野郡神流町",1921,327,17.0
"群馬県","甘楽郡下仁田町",7613,809,10.6
"群馬県","甘楽郡南牧村",1935,148,7.6
"群馬県","甘楽郡甘楽町",13255,857,6.5
"群馬県","吾妻郡中之条町",16505,1663,10.1
"群馬県","吾妻郡長野原町",5722,583,10.2
"群馬県","吾妻郡嬬恋村",9700,775,8.0
"群馬県","吾妻郡草津町",6498,889,13.7
"群馬県","吾妻郡高山村",3665,261,7.1
"群馬県","吾妻郡東吾妻町",14218,1602,11.3
"群馬県","利根郡片品村",4554,393,8.6
"群馬県","利根郡川場村",3321,270,8.1
"群馬県","利根郡昭和村",7450,466,6.3
"群馬県","利根郡みなかみ町",19447,1712,8.8
"群馬県","佐波郡玉村町",36648,2876,7.8
"群馬県","邑楽郡板倉町",14840,1334,9.0
"群馬県","邑楽郡明和町",11387,1006,8.8
"群馬県","邑楽郡千代田町",11498,1047,9.1
"群馬県","邑楽郡大泉町",41876,4115,9.8
"群馬県","邑楽郡邑楽町",26807,2203,8.2
"埼玉県","さいたま市",1292016,145121,11.2
"埼玉県","川越市",352433,42990,12.2
"埼玉県","熊谷市",198852,19796,10.0
"埼玉県","川口市",600050,62216,10.4
"埼玉県","行田市",82051,8402,10.2
"埼玉県","秩父市",63720,5172,8.1
"埼玉県","所沢市",343965,42613,12.4
"埼玉県","飯能市",80070,8384,10.5
"埼玉県","加須市",113754,11790,10.4
"埼玉県","本庄市",78707,8013,10.2
"埼玉県","東松山市",90188,10178,11.3
"埼玉県","春日部市",235716,30673,13.0
"埼玉県","狭山市",152487,18318,12.0
"埼玉県","羽生市",55243,5369,9.7
"埼玉県","鴻巣市",119029,14788,12.4
"埼玉県","深谷市",144375,12773,8.8
"埼玉県","上尾市",228480,28114,12.3
"埼玉県","草加市",247991,30965,12.5
"埼玉県","越谷市",340862,42151,12.4
"埼玉県","蕨市",74576,9105,12.2
"埼玉県","戸田市",138738,18330,13.2
"埼玉県","入間市",148723,15613,10.5
"埼玉県","朝霞市",138442,17849,12.9
"埼玉県","志木市",76056,9999,13.1
"埼玉県","和光市",81724,10864,13.3
"埼玉県","新座市",165486,19531,11.8
"埼玉県","桶川市",75234,7761,10.3
"埼玉県","久喜市",154116,18014,11.7
"埼玉県","北本市",67084,7101,10.6
"埼玉県","八潮市",88908,10094,11.4
"埼玉県","富士見市",110886,12635,11.4
"埼玉県","三郷市",140100,14380,10.3
"埼玉県","蓮田市",62227,7997,12.9
"埼玉県","坂戸市",101364,11431,11.3
"埼玉県","幸手市",51939,5877,11.3
"埼玉県","鶴ヶ島市",70050,8449,12.1
"埼玉県","日高市",56340,6591,11.7
"埼玉県","吉川市",72382,7279,10.1
"埼玉県","ふじみ野市",114058,14937,13.1
"埼玉県","白岡市",52539,5602,10.7
"埼玉県","北足立郡伊奈町",44699,4133,9.2
"埼玉県","入間郡三芳町",38404,4162,10.8
"埼玉県","入間郡毛呂山町",34207,4203,12.3
"埼玉県","入間郡越生町",11813,1637,13.9
"埼玉県","比企郡滑川町",18671,1742,9.3
"埼玉県","比企郡嵐山町",17944,1979,11.0
"埼玉県","比企郡小川町",30619,3701,12.1
"埼玉県","比企郡川島町",20545,2041,9.9
"埼玉県","比企郡吉見町",19421,1659,8.5
"埼玉県","比企郡鳩山町",14000,1879,13.4
"埼玉県","比企郡ときがわ町",11475,991,8.6
"埼玉県","秩父郡横瀬町",8420,867,10.3
"埼玉県","秩父郡皆野町",9939,935,9.4
"埼玉県","秩父郡長瀞町",7279,544,7.5
"埼玉県","秩父郡小鹿野町",11968,1095,9.1
"埼玉県","秩父郡東秩父村",2910,245,8.4
"埼玉県","児玉郡美里町",11252,778,6.9
"埼玉県","児玉郡神川町",13835,1132,8.2
"埼玉県","児玉郡上里町",31227,2971,9.5
"埼玉県","大里郡寄居町",34079,3284,9.6
"埼玉県","南埼玉郡宮代町",34022,3986,11.7
"埼玉県","北葛飾郡杉戸町",45432,5588,12.3
"埼玉県","北葛飾郡松伏町",29889,2827,9.5
"千葉県","千葉市",967832,141413,14.6
"千葉県","銚子市",63058,7837,12.4
"千葉県","市川市",484605,66804,13.8
"千葉県","船橋市",635517,79628,12.5
"千葉県","館山市",47345,6325,13.4
"千葉県","木更津市",135174,19198,14.2
"千葉県","松戸市",494402,60427,12.2
"千葉県","野田市",154784,16804,10.9
"千葉県","茂原市",90481,9908,11.0
"千葉県","成田市",133098,16763,12.6
"千葉県","佐倉市",176291,16917,9.6
"千葉県","東金市",59661,7635,12.8
"千葉県","旭市",66431,5766,8.7
"千葉県","習志野市",172632,23436,13.6
"千葉県","柏市",416433,51584,12.4
"千葉県","勝浦市",18007,2289,12.7
"千葉県","市原市",277707,33880,12.2
"千葉県","流山市",185460,22078,11.9
"千葉県","八千代市",197672,27397,13.9
"千葉県","我孫子市",132388,18300,13.8
"千葉県","鴨川市",33562,4192,12.5
"千葉県","鎌ケ谷市",109919,14311,13.0
"千葉県","君津市",85604,11026,12.9
"千葉県","富津市",45374,4415,9.7
"千葉県","浦安市",167938,24887,14.8
"千葉県","四街道市",93184,13240,14.2
"千葉県","袖ケ浦市",62897,6970,11.1
"千葉県","八街市",71290,9110,12.8
"千葉県","印西市",99286,11420,11.5
"千葉県","白井市",63790,8048,12.6
"千葉県","富里市",50258,5996,11.9
"千葉県","南房総市",39026,4924,12.6
"千葉県","匝瑳市",37207,3505,9.4
"千葉県","香取市",77838,8282,10.6
"千葉県","山武市",52701,5853,11.1
"千葉県","いすみ市",38787,4579,11.8
"千葉県","大網白里市",49913,6927,13.9
"千葉県","印旛郡酒々井町",20954,2784,13.3
"千葉県","印旛郡栄町",21038,3204,15.2
"千葉県","香取郡神崎町",6214,813,13.1
"千葉県","香取郡多古町",14943,1341,9.0
"千葉県","香取郡東庄町",14311,1138,8.0
"千葉県","山武郡九十九里町",16334,1658,10.2
"千葉県","山武郡芝山町",7500,921,12.3
"千葉県","山武郡横芝光町",24217,2454,10.1
"千葉県","長生郡一宮町",12448,1255,10.1
"千葉県","長生郡睦沢町",7135,688,9.6
"千葉県","長生郡長生村",14471,1570,10.8
"千葉県","長生郡白子町",11485,1142,9.9
"千葉県","長生郡長柄町",7150,789,11.0
"千葉県","長生郡長南町",8168,853,10.4
"千葉県","夷隅郡大多喜町",9385,864,9.2
"千葉県","夷隅郡御宿町",7611,1276,16.8
"千葉県","安房郡鋸南町",8076,1052,13.0
"東京都","千代田区",61269,9954,16.2
"東京都","中央区",156823,29033,18.5
"東京都","港区",253639,48321,19.1
"東京都","新宿区",342297,51048,14.9
"東京都","文京区",217419,32136,14.8
"東京都","台東区",196134,37174,19.0
"東京都","墨田区",268898,37507,13.9
"東京都","江東区",513197,83741,16.3
"東京都","品川区",387622,57278,14.8
"東京都","目黒区",276786,44154,16.0
"東京都","大田区",723341,103312,14.3
"東京都","世田谷区",900107,130604,14.5
"東京都","渋谷区",224680,36482,16.2
"東京都","中野区",328683,48422,14.7
"東京都","杉並区",564489,92344,16.4
"東京都","豊島区",287111,48663,16.9
"東京都","北区",348030,49876,14.3
"東京都","荒川区",214644,29405,13.7
"東京都","板橋区",561713,91943,16.4
"東京都","練馬区",728479,123572,17.0
"東京都","足立区",685447,85726,12.5
"東京都","葛飾区",460423,63955,13.9
"東京都","江戸川区",695366,99620,14.3
"東京都","八王子市",563178,77968,13.8
"東京都","立川市",182658,23255,12.7
"東京都","武蔵野市",144902,20013,13.8
"東京都","三鷹市",186375,26957,14.5
"東京都","青梅市",135248,26695,19.7
"東京都","府中市",258654,33299,12.9
"東京都","昭島市",113244,14916,13.2
"東京都","調布市",232473,28479,12.3
"東京都","町田市",428742,58671,13.7
"東京都","小金井市",120268,17688,14.7
"東京都","小平市",191308,24471,12.8
"東京都","日野市",184667,33693,18.2
"東京都","東村山市",151018,18848,12.5
"東京都","国分寺市",121673,19266,15.8
"東京都","国立市",75723,10137,13.4
"東京都","福生市",58384,7336,12.6
"東京都","狛江市",81788,12016,14.7
"東京都","東大和市",85718,12942,15.1
"東京都","清瀬市",74845,11104,14.8
"東京都","東久留米市",116830,20826,17.8
"東京都","武蔵村山市",72489,8602,11.9
"東京都","多摩市",148724,18695,12.6
"東京都","稲城市",89915,11704,13.0
"東京都","羽村市",55870,6835,12.2
"東京都","あきる野市",80985,9916,12.2
"東京都","西東京市",201058,31323,15.6
"東京都","西多摩郡瑞穂町",33532,2889,8.6
"東京都","西多摩郡日の出町",16959,1792,10.6
"東京都","西多摩郡檜原村",2244,245,10.9
"東京都","西多摩郡奥多摩町",5233,581,11.1
"東京都","大島町",7880,574,7.3
"東京都","利島村",321,24,7.5
"東京都","新島村",2724,320,11.7
"東京都","神津島村",1894,133,7.0
"東京都","三宅島　三宅村",2538,339,13.4
"東京都","御蔵島村",320,40,12.5
"東京都","八丈島　八丈町",7560,911,12.1
"東京都","青ヶ島村",166,17,10.2
"東京都","小笠原村",2641,381,14.4
"神奈川県","横浜市",3737845,554399,14.8
"神奈川県","川崎市",1488031,214967,14.4
"神奈川県","相模原市",718192,100352,14.0
"神奈川県","横須賀市",408739,59258,14.5
"神奈川県","平塚市",257615,35634,13.8
"神奈川県","鎌倉市",176242,29491,16.7
"神奈川県","藤沢市",430685,62927,14.6
"神奈川県","小田原市",192674,26354,13.7
"神奈川県","茅ヶ崎市",242792,35669,14.7
"神奈川県","逗子市",59917,9601,16.0
"神奈川県","三浦市",44451,4972,11.2
"神奈川県","秦野市",162296,21941,13.5
"神奈川県","厚木市",225654,30473,13.5
"神奈川県","大和市",236675,36116,15.3
"神奈川県","伊勢原市",100518,13573,13.5
"神奈川県","海老名市",131789,18804,14.3
"神奈川県","座間市",130519,19189,14.7
"神奈川県","南足柄市",43125,5614,13.0
"神奈川県","綾瀬市",85063,12919,15.2
"神奈川県","三浦郡葉山町",33300,5224,15.7
"神奈川県","高座郡寒川町",48446,6432,13.3
"神奈川県","中郡大磯町",33054,4159,12.6
"神奈川県","中郡二宮町",28887,3787,13.1
"神奈川県","足柄上郡中井町",9559,1321,13.8
"神奈川県","足柄上郡大井町",17214,1986,11.5
"神奈川県","足柄上郡松田町",11249,1498,13.3
"神奈川県","足柄上郡山北町",10583,1484,14.0
"神奈川県","足柄上郡開成町",17460,2047,11.7
"神奈川県","足柄下郡箱根町",11968,1901,15.9
"神奈川県","足柄下郡真鶴町",7457,1035,13.9
"神奈川県","足柄下郡湯河原町",25453,3836,15.1
"神奈川県","愛甲郡愛川町",40843,5865,14.4
"神奈川県","愛甲郡清川村",2979,464,15.6
"新潟県","新潟市",796773,58383,7.3
"新潟県","長岡市",273296,23552,8.6
"新潟県","三条市",99241,9660,9.7
"新潟県","柏崎市",85305,9062,10.6
"新潟県","新発田市",98912,8902,9.0
"新潟県","小千谷市",36192,3562,9.8
"新潟県","加茂市",27757,1761,6.3
"新潟県","十日町市",54167,4231,7.8
"新潟県","見附市",40854,4509,11.0
"新潟県","村上市",61475,5334,8.7
"新潟県","燕市",80579,5228,6.5
"新潟県","糸魚川市",43678,5086,11.6
"新潟県","妙高市",33073,3076,9.3
"新潟県","五泉市",51292,3481,6.8
"新潟県","上越市",195200,15413,7.9
"新潟県","阿賀野市",43165,3899,9.0
"新潟県","佐渡市",56510,5451,9.6
"新潟県","魚沼市",36951,3699,10.0
"新潟県","南魚沼市",57647,6532,11.3
"新潟県","胎内市",29765,2274,7.6
"新潟県","北蒲原郡聖籠町",14329,755,5.3
"新潟県","西蒲原郡弥彦村",8236,552,6.7
"新潟県","南蒲原郡田上町",11985,623,5.2
"新潟県","東蒲原郡阿賀町",11461,847,7.4
"新潟県","三島郡出雲崎町",4496,402,8.9
"新潟県","南魚沼郡湯沢町",8235,1039,12.6
"新潟県","中魚沼郡津南町",9876,723,7.3
"新潟県","刈羽郡刈羽村",4664,483,10.4
"新潟県","岩船郡関川村",5822,415,7.1
"新潟県","岩船郡粟島浦村",355,190,53.5
"富山県","富山市",418045,38388,9.2
"富山県","高岡市",173192,19984,11.5
"富山県","魚津市",42340,3626,8.6
"富山県","氷見市",48410,6972,14.4
"富山県","滑川市",33337,2929,8.8
"富山県","黒部市",41680,4203,10.1
"富山県","砺波市",48840,4338,8.9
"富山県","小矢部市",30453,2622,8.6
"富山県","南砺市",51813,6048,11.7
"富山県","射水市",93572,9374,10.0
"富山県","中新川郡舟橋村",3064,251,8.2
"富山県","中新川郡上市町",20957,1880,9.0
"富山県","中新川郡立山町",26341,2319,8.8
"富山県","下新川郡入善町",25189,2290,9.1
"富山県","下新川郡朝日町",12279,1181,9.6
"石川県","金沢市",454416,40045,8.8
"石川県","七尾市",53927,4346,8.1
"石川県","小松市",108583,11918,11.0
"石川県","輪島市",27757,1896,6.8
"石川県","珠洲市",14752,1172,7.9
"石川県","加賀市",67993,6134,9.0
"石川県","羽咋市",22088,2084,9.4
"石川県","かほく市",35184,2636,7.5
"石川県","白山市",113410,9435,8.3
"石川県","能美市",50184,4344,8.7
"石川県","野々市市",52148,4492,8.6
"石川県","能美郡川北町",6255,517,8.3
"石川県","河北郡津幡町",37745,3354,8.9
"石川県","河北郡内灘町",26838,2481,9.2
"石川県","羽咋郡志賀町",20910,1784,8.5
"石川県","羽咋郡宝達志水町",13449,1256,9.3
"石川県","鹿島郡中能登町",18305,1622,8.9
"石川県","鳳珠郡穴水町",8570,682,8.0
"石川県","鳳珠郡能登町",17884,1520,8.5
"福井県","福井市",265260,20051,7.6
"福井県","敦賀市",66558,4192,6.3
"福井県","小浜市",29743,2150,7.2
"福井県","大野市",33896,2747,8.1
"福井県","勝山市",23756,2357,9.9
"福井県","鯖江市",69297,4879,7.0
"福井県","あわら市",28564,2314,8.1
"福井県","越前市",83061,7029,8.5
"福井県","坂井市",92508,7388,8.0
"福井県","吉田郡永平寺町",18779,1267,6.7
"福井県","今立郡池田町",2651,225,8.5
"福井県","南条郡南越前町",10869,1187,10.9
"福井県","丹生郡越前町",22018,1695,7.7
"福井県","三方郡美浜町",9710,855,8.8
"福井県","大飯郡高浜町",10558,807,7.6
"福井県","大飯郡おおい町",8296,700,8.4
"福井県","三方上中郡若狭町",15234,970,6.4
"山梨県","甲府市",190122,18128,9.5
"山梨県","富士吉田市",49598,5278,10.6
"山梨県","都留市",30951,2490,8.0
"山梨県","山梨市",35432,3074,8.7
"山梨県","大月市",24928,2757,11.1
"山梨県","韮崎市",30045,2290,7.6
"山梨県","南アルプス市",72105,5459,7.6
"山梨県","北杜市",47587,5229,11.0
"山梨県","甲斐市",75545,6805,9.0
"山梨県","笛吹市",70069,5799,8.3
"山梨県","上野原市",23707,2271,9.6
"山梨県","甲州市",32384,3496,10.8
"山梨県","中央市",30816,3886,12.6
"山梨県","西八代郡市川三郷町",16099,1229,7.6
"山梨県","南巨摩郡早川町",1091,153,14.0
"山梨県","南巨摩郡身延町",12329,1759,14.3
"山梨県","南巨摩郡南部町",8006,850,10.6
"山梨県","南巨摩郡富士川町",15467,1268,8.2
"山梨県","中巨摩郡昭和町",20007,1554,7.8
"山梨県","南都留郡道志村",1740,152,8.7
"山梨県","南都留郡西桂町",4369,377,8.6
"山梨県","南都留郡忍野村",9566,1149,12.0
"山梨県","南都留郡山中湖村",5868,604,10.3
"山梨県","南都留郡鳴沢村",3167,266,8.4
"山梨県","南都留郡富士河口湖町",26518,2433,9.2
"山梨県","北都留郡小菅村",729,122,16.7
"山梨県","北都留郡丹波山村",578,48,8.3
"長野県","長野市",380459,36391,9.6
"長野県","松本市",240342,23016,9.6
"長野県","上田市",158537,16549,10.4
"長野県","岡谷市",50412,5161,10.2
"長野県","飯田市",102628,8734,8.5
"長野県","諏訪市",50164,6495,12.9
"長野県","須坂市",51132,3725,7.3
"長野県","小諸市",42648,4088,9.6
"長野県","伊那市",68652,5804,8.5
"長野県","駒ヶ根市",33080,2824,8.5
"長野県","中野市",44984,3453,7.7
"長野県","大町市",28047,2758,9.8
"長野県","飯山市",21484,1698,7.9
"長野県","茅野市",56107,5430,9.7
"長野県","塩尻市",67459,6544,9.7
"長野県","佐久市",99341,9938,10.0
"長野県","千曲市",61026,5516,9.0
"長野県","東御市",30415,2471,8.1
"長野県","安曇野市",98056,10941,11.2
"長野県","南佐久郡小海町",4716,388,8.2
"長野県","南佐久郡川上村",4000,219,5.5
"長野県","南佐久郡南牧村",3172,416,13.1
"長野県","南佐久郡南相木村",1038,105,10.1
"長野県","南佐久郡北相木村",768,59,7.7
"長野県","南佐久郡佐久穂町",11388,904,7.9
"長野県","北佐久郡軽井沢町",20283,2381,11.7
"長野県","北佐久郡御代田町",15542,1544,9.9
"長野県","北佐久郡立科町",7441,822,11.0
"長野県","小県郡青木村",4441,309,7.0
"長野県","小県郡長和町",6223,366,5.9
"長野県","諏訪郡下諏訪町",20492,2877,14.0
"長野県","諏訪郡富士見町",14787,1499,10.1
"長野県","諏訪郡原村",7960,739,9.3
"長野県","上伊那郡辰野町",19894,1909,9.6
"長野県","上伊那郡箕輪町",25000,1994,8.0
"長野県","上伊那郡飯島町",9650,833,8.6
"長野県","上伊那郡南箕輪村",15391,1098,7.1
"長野県","上伊那郡中川村",4952,309,6.2
"長野県","上伊那郡宮田村",9073,844,9.3
"長野県","下伊那郡松川町",13399,820,6.1
"長野県","下伊那郡高森町",13199,893,6.8
"長野県","下伊那郡阿南町",4724,286,6.1
"長野県","下伊那郡阿智村",6576,296,4.5
"長野県","下伊那郡平谷村",433,39,9.0
"長野県","下伊那郡根羽村",952,78,8.2
"長野県","下伊那郡下條村",3801,174,4.6
"長野県","下伊那郡売木村",556,53,9.5
"長野県","下伊那郡天龍村",1355,108,8.0
"長野県","下伊那郡泰阜村",1675,115,6.9
"長野県","下伊那郡喬木村",6511,371,5.7
"長野県","下伊那郡豊丘村",6764,489,7.2
"長野県","下伊那郡大鹿村",1042,113,10.8
"長野県","木曽郡上松町",4636,508,11.0
"長野県","木曽郡南木曽町",4229,292,6.9
"長野県","木曽郡木祖村",2941,219,7.4
"長野県","木曽郡王滝村",778,85,10.9
"長野県","木曽郡大桑村",3846,346,9.0
"長野県","木曽郡木曽町",11415,1148,10.1
"長野県","東筑摩郡麻績村",2822,177,6.3
"長野県","東筑摩郡生坂村",1822,162,8.9
"長野県","東筑摩郡山形村",8799,583,6.6
"長野県","東筑摩郡朝日村",4617,233,5.0
"長野県","東筑摩郡筑北村",4708,384,8.2
"長野県","北安曇郡池田町",10034,909,9.1
"長野県","北安曇郡松川村",9846,794,8.1
"長野県","北安曇郡白馬村",9244,822,8.9
"長野県","北安曇郡小谷村",2985,403,13.5
"長野県","埴科郡坂城町",15188,1121,7.4
"長野県","上高井郡小布施町",11063,790,7.1
"長野県","上高井郡高山村",7182,427,5.9
"長野県","下高井郡山ノ内町",12826,864,6.7
"長野県","下高井郡木島平村",4807,302,6.3
"長野県","下高井郡野沢温泉村",3720,309,8.3
"長野県","上水内郡信濃町",8597,894,10.4
"長野県","上水内郡小川村",2607,195,7.5
"長野県","上水内郡飯綱町",11326,895,7.9
"長野県","下水内郡栄村",1931,96,5.0
"岐阜県","岐阜市",411554,39865,9.7
"岐阜県","大垣市",161926,14901,9.2
"岐阜県","高山市",89208,8145,9.1
"岐阜県","多治見市",111811,9930,8.9
"岐阜県","関市",89444,6365,7.1
"岐阜県","中津川市",79633,6123,7.7
"岐阜県","美濃市",21052,1409,6.7
"岐阜県","瑞浪市",37979,3350,8.8
"岐阜県","羽島市",68219,5278,7.7
"岐阜県","恵那市",50934,3608,7.1
"岐阜県","美濃加茂市",56703,3353,5.9
"岐阜県","土岐市",59026,4344,7.4
"岐阜県","各務原市",148081,12519,8.5
"岐阜県","可児市",101566,9218,9.1
"岐阜県","山県市",27664,2148,7.8
"岐阜県","瑞穂市",54295,4741,8.7
"岐阜県","飛騨市",24704,2032,8.2
"岐阜県","本巣市",34586,3095,8.9
"岐阜県","郡上市",42666,3059,7.2
"岐阜県","下呂市",33232,2912,8.8
"岐阜県","海津市",35175,3273,9.3
"岐阜県","羽島郡岐南町",25525,1822,7.1
"岐阜県","羽島郡笠松町",22340,2132,9.5
"岐阜県","養老郡養老町",29508,2339,7.9
"岐阜県","不破郡垂井町",27703,2388,8.6
"岐阜県","不破郡関ケ原町",7244,665,9.2
"岐阜県","安八郡神戸町",19504,1812,9.3
"岐阜県","安八郡輪之内町",9784,686,7.0
"岐阜県","安八郡安八町",15115,1200,7.9
"岐阜県","揖斐郡揖斐川町",21672,1585,7.3
"岐阜県","揖斐郡大野町",23339,1842,7.9
"岐阜県","揖斐郡池田町",24231,1645,6.8
"岐阜県","本巣郡北方町",18510,1633,8.8
"岐阜県","加茂郡坂祝町",8195,651,7.9
"岐阜県","加茂郡富加町",5729,381,6.7
"岐阜県","加茂郡川辺町",10346,725,7.0
"岐阜県","加茂郡七宗町",3919,366,9.3
"岐阜県","加茂郡八百津町",11252,944,8.4
"岐阜県","加茂郡白川町",8545,624,7.3
"岐阜県","加茂郡東白川村",2330,182,7.8
"岐阜県","可児郡御嵩町",18448,1824,9.9
"岐阜県","大野郡白川村",1652,101,6.1
"静岡県","静岡市",706287,76141,10.8
"静岡県","浜松市",807013,76195,9.4
"静岡県","沼津市",197349,22804,11.6
"静岡県","熱海市",37510,5733,15.3
"静岡県","三島市",110977,12878,11.6
"静岡県","富士宮市",133641,13132,9.8
"静岡県","伊東市",69990,7572,10.8
"静岡県","島田市",99247,10469,10.5
"静岡県","富士市",254867,33657,13.2
"静岡県","磐田市",170234,16592,9.7
"静岡県","焼津市",140516,15045,10.7
"静岡県","掛川市",117835,10592,9.0
"静岡県","藤枝市",146173,15936,10.9
"静岡県","御殿場市",89073,10872,12.2
"静岡県","袋井市",87908,8007,9.1
"静岡県","下田市",22192,2973,13.4
"静岡県","裾野市",52484,6679,12.7
"静岡県","湖西市",60089,6502,10.8
"静岡県","伊豆市",31411,2990,9.5
"静岡県","御前崎市",33192,3072,9.3
"静岡県","菊川市",47970,4748,9.9
"静岡県","伊豆の国市",49200,6663,13.5
"静岡県","牧之原市",46313,3951,8.5
"静岡県","賀茂郡東伊豆町",12518,2048,16.4
"静岡県","賀茂郡河津町",7410,792,10.7
"静岡県","賀茂郡南伊豆町",8518,1010,11.9
"静岡県","賀茂郡松崎町",6836,737,10.8
"静岡県","賀茂郡西伊豆町",8160,955,11.7
"静岡県","田方郡函南町",38042,3672,9.7
"静岡県","駿東郡清水町",32607,3344,10.3
"静岡県","駿東郡長泉町",43236,4157,9.6
"静岡県","駿東郡小山町",18922,2257,11.9
"静岡県","榛原郡吉田町",29689,2671,9.0
"静岡県","榛原郡川根本町",7062,672,9.5
"静岡県","周智郡森町",18544,1627,8.8
"愛知県","名古屋市",2288240,258830,11.3
"愛知県","豊橋市",377561,34105,9.0
"愛知県","岡崎市",386763,36736,9.5
"愛知県","一宮市",386161,33336,8.6
"愛知県","瀬戸市",130046,15062,11.6
"愛知県","半田市",119325,15181,12.7
"愛知県","春日井市",311608,30546,9.8
"愛知県","豊川市",186009,13797,7.4
"愛知県","津島市",63233,6008,9.5
"愛知県","碧南市",72530,5431,7.5
"愛知県","刈谷市",150883,15870,10.5
"愛知県","豊田市",425172,51022,12.0
"愛知県","安城市",188071,17517,9.3
"愛知県","西尾市",171899,15448,9.0
"愛知県","蒲郡市",80483,7516,9.3
"愛知県","犬山市",74493,7548,10.1
"愛知県","常滑市",58943,6001,10.2
"愛知県","江南市",100881,9366,9.3
"愛知県","小牧市",153096,18445,12.0
"愛知県","稲沢市",137432,12724,9.3
"愛知県","新城市",47354,4224,8.9
"愛知県","東海市",114409,14485,12.7
"愛知県","大府市",91913,9792,10.7
"愛知県","知多市",85748,9901,11.5
"愛知県","知立市",71823,7500,10.4
"愛知県","尾張旭市",83437,9494,11.4
"愛知県","高浜市",48154,4237,8.8
"愛知県","岩倉市",48052,4632,9.6
"愛知県","豊明市",68773,6828,9.9
"愛知県","日進市",89850,8785,9.8
"愛知県","田原市",63159,4924,7.8
"愛知県","愛西市",63795,5648,8.9
"愛知県","清須市",68842,6434,9.3
"愛知県","北名古屋市",85673,6851,8.0
"愛知県","弥富市",44433,3658,8.2
"愛知県","みよし市",61081,6824,11.2
"愛知県","あま市",88872,7735,8.7
"愛知県","長久手市",57394,6939,12.1
"愛知県","愛知郡東郷町",43401,3920,9.0
"愛知県","西春日井郡豊山町",15694,1308,8.3
"愛知県","丹羽郡大口町",23966,1870,7.8
"愛知県","丹羽郡扶桑町",34643,3241,9.4
"愛知県","海部郡大治町",32447,3016,9.3
"愛知県","海部郡蟹江町",37772,3925,10.4
"愛知県","海部郡飛島村",4705,292,6.2
"愛知県","知多郡阿久比町",28733,2517,8.8
"愛知県","知多郡東浦町",50403,5004,9.9
"愛知県","知多郡南知多町",18338,1182,6.4
"愛知県","知多郡美浜町",22310,1837,8.2
"愛知県","知多郡武豊町",43261,3560,8.2
"愛知県","額田郡幸田町",41180,3494,8.5
"愛知県","北設楽郡設楽町",4948,322,6.5
"愛知県","北設楽郡東栄町",3292,269,8.2
"愛知県","北設楽郡豊根村",1156,80,6.9
"三重県","津市",281127,28434,10.1
"三重県","四日市市",312134,27062,8.7
"三重県","伊勢市",127791,11700,9.2
"三重県","松阪市",165472,19007,11.5
"三重県","桑名市",142930,12904,9.0
"三重県","鈴鹿市",201173,19591,9.7
"三重県","名張市",79278,8638,10.9
"三重県","尾鷲市",18351,1538,8.4
"三重県","亀山市",49945,4477,9.0
"三重県","鳥羽市",19239,1563,8.1
"三重県","熊野市",17422,1439,8.3
"三重県","いなべ市",45630,5222,11.4
"三重県","志摩市",51200,3559,7.0
"三重県","伊賀市",92863,8168,8.8
"三重県","桑名郡木曽岬町",6402,663,10.4
"三重県","員弁郡東員町",25642,3186,12.4
"三重県","三重郡菰野町",41800,4925,11.8
"三重県","三重郡朝日町",10764,927,8.6
"三重県","三重郡川越町",15028,1409,9.4
"三重県","多気郡多気町",14821,982,6.6
"三重県","多気郡明和町",23196,1526,6.6
"三重県","多気郡大台町",9574,648,6.8
"三重県","度会郡玉城町",15629,917,5.9
"三重県","度会郡度会町",8371,714,8.5
"三重県","度会郡大紀町",8839,551,6.2
"三重県","度会郡南伊勢町",13169,916,7.0
"三重県","北牟婁郡紀北町",16485,1121,6.8
"三重県","南牟婁郡御浜町",8775,644,7.3
"三重県","南牟婁郡紀宝町",11219,633,5.6
"滋賀県","大津市",342460,36669,10.7
"滋賀県","彦根市",112720,13092,11.6
"滋賀県","長浜市",119227,13110,11.0
"滋賀県","近江八幡市",82267,7566,9.2
"滋賀県","草津市",132885,19852,14.9
"滋賀県","守山市",82705,8044,9.7
"滋賀県","栗東市",68882,7662,11.1
"滋賀県","甲賀市",91410,13299,14.5
"滋賀県","野洲市",51097,5645,11.0
"滋賀県","湖南市",54922,5157,9.4
"滋賀県","高島市",49628,5146,10.4
"滋賀県","東近江市",114604,13223,11.5
"滋賀県","米原市",39543,4423,11.2
"滋賀県","蒲生郡日野町",21697,1440,6.6
"滋賀県","蒲生郡竜王町",12118,830,6.8
"滋賀県","愛知郡愛荘町",21402,1816,8.5
"滋賀県","犬上郡豊郷町",7367,494,6.7
"滋賀県","犬上郡甲良町",7146,627,8.8
"滋賀県","犬上郡多賀町",7555,501,6.6
"京都府","京都市",1415775,173470,12.3
"京都府","福知山市",79095,7082,9.0
"京都府","舞鶴市",83972,7994,9.5
"京都府","綾部市",34046,3107,9.1
"京都府","宇治市",187901,20248,10.8
"京都府","宮津市",18324,1600,8.7
"京都府","亀岡市",89783,9892,11.0
"京都府","城陽市",77016,9908,12.9
"京都府","向日市",56955,5458,9.6
"京都府","長岡京市",81064,9067,11.2
"京都府","八幡市",71745,7428,10.4
"京都府","京田辺市",69074,7241,10.5
"京都府","京丹後市",55944,4191,7.5
"京都府","南丹市",32288,2550,7.9
"京都府","木津川市",76300,7520,9.9
"京都府","乙訓郡大山崎町",15874,1926,12.1
"京都府","久世郡久御山町",16175,1496,9.2
"京都府","綴喜郡井手町",7620,567,7.4
"京都府","綴喜郡宇治田原町",9406,779,8.3
"京都府","相楽郡笠置町",1392,162,11.6
"京都府","相楽郡和束町",4069,246,6.0
"京都府","相楽郡精華町",37557,4815,12.8
"京都府","相楽郡南山城村",2819,318,11.3
"京都府","船井郡京丹波町",14559,1230,8.4
"京都府","与謝郡伊根町",2143,140,6.5
"京都府","与謝郡与謝野町",22256,1498,6.7
"大阪府","大阪市",2702432,372343,13.8
"大阪府","堺市",840622,104223,12.4
"大阪府","岸和田市",196871,20409,10.4
"大阪府","豊中市",405974,50445,12.4
"大阪府","池田市",103556,12495,12.1
"大阪府","吹田市",370583,53901,14.5
"大阪府","泉大津市",75271,8532,11.3
"大阪府","高槻市",353563,49452,14.0
"大阪府","貝塚市",87936,8843,10.1
"大阪府","守口市",144102,17513,12.2
"大阪府","枚方市",403989,52261,12.9
"大阪府","茨木市",281675,35552,12.6
"大阪府","八尾市",267642,45778,17.1
"大阪府","泉佐野市",100739,10568,10.5
"大阪府","富田林市",112931,12480,11.1
"大阪府","寝屋川市",235705,29413,12.5
"大阪府","河内長野市",107280,12740,11.9
"大阪府","松原市",120835,12430,10.3
"大阪府","大東市",121773,14790,12.1
"大阪府","和泉市",186156,18621,10.0
"大阪府","箕面市",137980,20171,14.6
"大阪府","柏原市",70118,7575,10.8
"大阪府","羽曳野市",112719,13217,11.7
"大阪府","門真市",123632,13125,10.6
"大阪府","摂津市",85404,13944,16.3
"大阪府","高石市",57932,5617,9.7
"大阪府","藤井寺市",65311,7661,11.7
"大阪府","東大阪市",491939,52560,10.7
"大阪府","泉南市",62796,6781,10.8
"大阪府","四條畷市",55794,6079,10.9
"大阪府","交野市",77899,10034,12.9
"大阪府","大阪狭山市",58232,6472,11.1
"大阪府","阪南市",55277,6511,11.8
"大阪府","三島郡島本町",30601,3604,11.8
"大阪府","豊能郡豊能町",20025,3262,16.3
"大阪府","豊能郡能勢町",10393,1066,10.3
"大阪府","泉北郡忠岡町",17270,1681,9.7
"大阪府","泉南郡熊取町",43927,5016,11.4
"大阪府","泉南郡田尻町",8767,927,10.6
"大阪府","泉南郡岬町",16132,2256,14.0
"大阪府","南河内郡太子町",13570,1257,9.3
"大阪府","南河内郡河南町",15729,1379,8.8
"大阪府","南河内郡千早赤阪村",5362,581,10.8
"兵庫県","神戸市",1542935,232553,15.1
"兵庫県","姫路市",538488,64942,12.1
"兵庫県","尼崎市",462744,56865,12.3
"兵庫県","明石市",301182,30964,10.3
"兵庫県","西宮市",485225,69256,14.3
"兵庫県","洲本市",44796,6796,15.2
"兵庫県","芦屋市",96373,18274,19.0
"兵庫県","伊丹市",202193,33605,16.6
"兵庫県","相生市",30107,2947,9.8
"兵庫県","豊岡市",83174,7047,8.5
"兵庫県","加古川市",267151,36629,13.7
"兵庫県","赤穂市",48440,6268,12.9
"兵庫県","西脇市",41177,3357,8.2
"兵庫県","宝塚市",234662,27814,11.9
"兵庫県","三木市",78414,10894,13.9
"兵庫県","高砂市",92020,11800,12.8
"兵庫県","川西市",158873,24308,15.3
"兵庫県","小野市",48941,4435,9.1
"兵庫県","三田市",113473,14482,12.8
"兵庫県","加西市",44649,3970,8.9
"兵庫県","篠山市",42138,3544,8.4
"兵庫県","養父市",24248,2325,9.6
"兵庫県","丹波市",65448,5415,8.3
"兵庫県","南あわじ市",48139,3863,8.0
"兵庫県","朝来市",31053,2737,8.8
"兵庫県","淡路市",44821,4868,10.9
"兵庫県","宍粟市",38669,4175,10.8
"兵庫県","加東市",40296,6644,16.5
"兵庫県","たつの市",77499,8607,11.1
"兵庫県","川辺郡猪名川町",31494,4642,14.7
"兵庫県","多可郡多可町",21367,1877,8.8
"兵庫県","加古郡稲美町",31302,4184,13.4
"兵庫県","加古郡播磨町",34615,7058,20.4
"兵庫県","神崎郡市川町",12463,1249,10.0
"兵庫県","神崎郡福崎町",19390,1591,8.2
"兵庫県","神崎郡神河町",11643,1615,13.9
"兵庫県","揖保郡太子町",34418,4302,12.5
"兵庫県","赤穂郡上郡町",15292,2252,14.7
"兵庫県","佐用郡佐用町",17354,1447,8.3
"兵庫県","美方郡香美町",18176,1723,9.5
"兵庫県","美方郡新温泉町",14866,1242,8.4
"奈良県","奈良市",358896,44370,12.4
"奈良県","大和高田市",65905,7216,10.9
"奈良県","大和郡山市",87222,13179,15.1
"奈良県","天理市",66059,9029,13.7
"奈良県","橿原市",122945,23820,19.4
"奈良県","桜井市",57944,5582,9.6
"奈良県","五條市",31308,2954,9.4
"奈良県","御所市",26490,3368,12.7
"奈良県","生駒市",120596,23045,19.1
"奈良県","香芝市",79339,10316,13.0
"奈良県","葛城市",37265,3285,8.8
"奈良県","宇陀市",31162,3589,11.5
"奈良県","山辺郡山添村",3640,253,7.0
"奈良県","生駒郡平群町",19063,2406,12.6
"奈良県","生駒郡三郷町",23131,2988,12.9
"奈良県","生駒郡斑鳩町",28220,4144,14.7
"奈良県","生駒郡安堵町",7505,754,10.0
"奈良県","磯城郡川西町",8660,829,9.6
"奈良県","磯城郡三宅町",6994,613,8.8
"奈良県","磯城郡田原本町",32155,3847,12.0
"奈良県","宇陀郡曽爾村",1511,106,7.0
"奈良県","宇陀郡御杖村",1690,169,10.0
"奈良県","高市郡高取町",6905,709,10.3
"奈良県","高市郡明日香村",5635,532,9.4
"奈良県","北葛城郡上牧町",22727,2543,11.2
"奈良県","北葛城郡王寺町",24040,4006,16.7
"奈良県","北葛城郡広陵町",35002,3418,9.8
"奈良県","北葛城郡河合町",17965,2209,12.3
"奈良県","吉野郡吉野町",7366,819,11.1
"奈良県","吉野郡大淀町",18030,1702,9.4
"奈良県","吉野郡下市町",5608,564,10.1
"奈良県","吉野郡黒滝村",737,50,6.8
"奈良県","吉野郡天川村",1442,108,7.5
"奈良県","吉野郡野迫川村",418,63,15.1
"奈良県","吉野郡十津川村",3372,336,10.0
"奈良県","吉野郡下北山村",934,131,14.0
"奈良県","吉野郡上北山村",520,117,22.5
"奈良県","吉野郡川上村",1467,154,10.5
"奈良県","吉野郡東吉野村",1832,113,6.2
"和歌山県","和歌山市",371042,34415,9.3
"和歌山県","海南市",51802,5053,9.8
"和歌山県","橋本市",63789,8258,12.9
"和歌山県","有田市",28740,1670,5.8
"和歌山県","御坊市",24005,2067,8.6
"和歌山県","田辺市",75414,6937,9.2
"和歌山県","新宮市",29358,2589,8.8
"和歌山県","紀の川市",63643,5053,7.9
"和歌山県","岩出市",53955,4387,8.1
"和歌山県","海草郡紀美野町",9158,685,7.5
"和歌山県","伊都郡かつらぎ町",17178,1454,8.5
"和歌山県","伊都郡九度山町",4431,393,8.9
"和歌山県","伊都郡高野町",3126,347,11.1
"和歌山県","有田郡湯浅町",12304,781,6.3
"和歌山県","有田郡広川町",7210,410,5.7
"和歌山県","有田郡有田川町",26919,1864,6.9
"和歌山県","日高郡美浜町",7433,513,6.9
"和歌山県","日高郡日高町",7952,461,5.8
"和歌山県","日高郡由良町",5955,381,6.4
"和歌山県","日高郡印南町",8395,522,6.2
"和歌山県","日高郡みなべ町",13035,847,6.5
"和歌山県","日高郡日高川町",10026,690,6.9
"和歌山県","西牟婁郡白浜町",21806,1848,8.5
"和歌山県","西牟婁郡上富田町",15628,1114,7.1
"和歌山県","西牟婁郡すさみ町",4140,328,7.9
"和歌山県","東牟婁郡那智勝浦町",15567,1309,8.4
"和歌山県","東牟婁郡太地町",3194,231,7.2
"和歌山県","東牟婁郡古座川町",2802,201,7.2
"和歌山県","東牟婁郡北山村",449,38,8.5
"和歌山県","東牟婁郡串本町",16618,1320,7.9
"鳥取県","鳥取市",189799,18422,9.7
"鳥取県","米子市",148910,13100,8.8
"鳥取県","倉吉市",47755,4093,8.6
"鳥取県","境港市",34498,3001,8.7
"鳥取県","岩美郡岩美町",11797,1121,9.5
"鳥取県","八頭郡若桜町",3345,253,7.6
"鳥取県","八頭郡智頭町",7267,611,8.4
"鳥取県","八頭郡八頭町",17394,1575,9.1
"鳥取県","東伯郡三朝町",6629,597,9.0
"鳥取県","東伯郡湯梨浜町",17030,1225,7.2
"鳥取県","東伯郡琴浦町",17785,3026,17.0
"鳥取県","東伯郡北栄町",15270,1150,7.5
"鳥取県","西伯郡日吉津村",3550,299,8.4
"鳥取県","西伯郡大山町",16575,1576,9.5
"鳥取県","西伯郡南部町",11090,1013,9.1
"鳥取県","西伯郡伯耆町",11107,1123,10.1
"鳥取県","日野郡日南町",4746,507,10.7
"鳥取県","日野郡日野町",3253,295,9.1
"鳥取県","日野郡江府町",3024,251,8.3
"島根県","松江市",203787,18874,9.3
"島根県","浜田市",55158,6755,12.2
"島根県","出雲市",175227,17347,9.9
"島根県","益田市",47521,5527,11.6
"島根県","大田市",35549,3652,10.3
"島根県","安来市",39409,6214,15.8
"島根県","江津市",23944,2995,12.5
"島根県","雲南市",39234,3395,8.7
"島根県","仁多郡奥出雲町",12950,1162,9.0
"島根県","飯石郡飯南町",5014,404,8.1
"島根県","邑智郡川本町",3378,452,13.4
"島根県","邑智郡美郷町",4801,462,9.6
"島根県","邑智郡邑南町",11005,1317,12.0
"島根県","鹿足郡津和野町",7612,743,9.8
"島根県","鹿足郡吉賀町",6345,505,8.0
"島根県","隠岐郡海士町",2286,173,7.6
"島根県","隠岐郡西ノ島町",2887,250,8.7
"島根県","隠岐郡知夫村",614,51,8.3
"島根県","隠岐郡隠岐の島町",14504,1351,9.3
"岡山県","岡山市",709188,65337,9.2
"岡山県","倉敷市",483901,47634,9.8
"岡山県","津山市",102276,8817,8.6
"岡山県","玉野市",60458,6498,10.7
"岡山県","笠岡市",49538,5315,10.7
"岡山県","井原市",41160,3865,9.4
"岡山県","総社市",68586,6690,9.8
"岡山県","高梁市",31273,3398,10.9
"岡山県","新見市",30236,3337,11.0
"岡山県","備前市",35293,3903,11.1
"岡山県","瀬戸内市",37741,3590,9.5
"岡山県","赤磐市",44461,4011,9.0
"岡山県","真庭市",46482,4024,8.7
"岡山県","美作市",28292,2658,9.4
"岡山県","浅口市",34806,3523,10.1
"岡山県","和気郡和気町",14452,1229,8.5
"岡山県","都窪郡早島町",12490,1079,8.6
"岡山県","浅口郡里庄町",11195,1164,10.4
"岡山県","小田郡矢掛町",14443,1088,7.5
"岡山県","真庭郡新庄村",956,79,8.3
"岡山県","苫田郡鏡野町",13211,1151,8.7
"岡山県","勝田郡勝央町",11183,1195,10.7
"岡山県","勝田郡奈義町",6118,486,7.9
"岡山県","英田郡西粟倉村",1487,137,9.2
"岡山県","久米郡久米南町",4935,468,9.5
"岡山県","久米郡美咲町",14621,1228,8.4
"岡山県","加賀郡吉備中央町",11837,1122,9.5
"広島県","広島市",1195327,139131,11.6
"広島県","呉市",227965,31187,13.7
"広島県","竹原市",26280,3634,13.8
"広島県","三原市",95687,12102,12.6
"広島県","尾道市",139214,14918,10.7
"広島県","福山市",470786,37818,8.0
"広島県","府中市",40211,3884,9.7
"広島県","三次市",53204,5519,10.4
"広島県","庄原市",36275,3273,9.0
"広島県","大竹市",27516,3276,11.9
"広島県","東広島市",186649,27990,15.0
"広島県","廿日市市",117666,13150,11.2
"広島県","安芸高田市",29278,3727,12.7
"広島県","江田島市",24082,2790,11.6
"広島県","安芸郡府中町",52081,6711,12.9
"広島県","安芸郡海田町",29852,4012,13.4
"広島県","安芸郡熊野町",24387,2784,11.4
"広島県","安芸郡坂町",13247,1499,11.3
"広島県","山県郡安芸太田町",6471,666,10.3
"広島県","山県郡北広島町",19029,2070,10.9
"広島県","豊田郡大崎上島町",7722,954,12.4
"広島県","世羅郡世羅町",16585,1608,9.7
"広島県","神石郡神石高原町",9332,1001,10.7
"山口県","下関市",266429,28868,10.8
"山口県","宇部市",166847,20695,12.4
"山口県","山口市",193137,20206,10.5
"山口県","萩市",48722,5339,11.0
"山口県","防府市",116665,13293,11.4
"山口県","下松市",57273,6547,11.4
"山口県","岩国市",136748,16499,12.1
"山口県","光市",51835,7738,14.9
"山口県","長門市",34893,3943,11.3
"山口県","柳井市",32504,3754,11.5
"山口県","美祢市",25146,2703,10.7
"山口県","周南市",145188,17860,12.3
"山口県","山陽小野田市",63623,6252,9.8
"山口県","大島郡周防大島町",16756,2294,13.7
"山口県","玖珂郡和木町",6518,870,13.3
"山口県","熊毛郡上関町",2867,150,5.2
"山口県","熊毛郡田布施町",15494,1860,12.0
"山口県","熊毛郡平生町",12155,1284,10.6
"山口県","阿武郡阿武町",3397,321,9.4
"徳島県","徳島市",255309,24240,9.5
"徳島県","鳴門市",58691,6110,10.4
"徳島県","小松島市",38442,3754,9.8
"徳島県","阿南市",74275,6442,8.7
"徳島県","吉野川市",41848,3044,7.3
"徳島県","阿波市",38308,3014,7.9
"徳島県","美馬市",29963,2837,9.5
"徳島県","三好市",26952,3430,12.7
"徳島県","勝浦郡勝浦町",5374,430,8.0
"徳島県","勝浦郡上勝町",1582,225,14.2
"徳島県","名東郡佐那河内村",2412,254,10.5
"徳島県","名西郡石井町",26131,2028,7.8
"徳島県","名西郡神山町",5464,398,7.3
"徳島県","那賀郡那賀町",8591,550,6.4
"徳島県","海部郡牟岐町",4247,276,6.5
"徳島県","海部郡美波町",6963,668,9.6
"徳島県","海部郡海陽町",9625,656,6.8
"徳島県","板野郡松茂町",15184,1844,12.1
"徳島県","板野郡北島町",23152,2206,9.5
"徳島県","板野郡藍住町",35147,3361,9.6
"徳島県","板野郡板野町",13594,1427,10.5
"徳島県","板野郡上板町",12221,772,6.3
"徳島県","美馬郡つるぎ町",9308,1013,10.9
"徳島県","三好郡東みよし町",14594,1183,8.1
"香川県","高松市",429189,43511,10.1
"香川県","丸亀市",113545,9641,8.5
"香川県","坂出市",53797,4818,9.0
"香川県","善通寺市",32371,3116,9.6
"香川県","観音寺市",61070,4850,7.9
"香川県","さぬき市",49512,4600,9.3
"香川県","東かがわ市",31441,2944,9.4
"香川県","三豊市",66642,6725,10.1
"香川県","小豆郡土庄町",14213,1262,8.9
"香川県","小豆郡小豆島町",14976,1252,8.4
"香川県","木田郡三木町",28469,2524,8.9
"香川県","香川郡直島町",3091,296,9.6
"香川県","綾歌郡宇多津町",18530,1544,8.3
"香川県","綾歌郡綾川町",24456,1900,7.8
"香川県","仲多度郡琴平町",9322,922,9.9
"香川県","仲多度郡多度津町",23647,2046,8.7
"香川県","仲多度郡まんのう町",18934,1406,7.4
"愛媛県","松山市",514877,48993,9.5
"愛媛県","今治市",161861,14055,8.7
"愛媛県","宇和島市",77329,8177,10.6
"愛媛県","八幡浜市",34546,3897,11.3
"愛媛県","新居浜市",120915,10094,8.3
"愛媛県","西条市",110767,8252,7.4
"愛媛県","大洲市",44266,3449,7.8
"愛媛県","伊予市",37443,3419,9.1
"愛媛県","四国中央市",88634,5647,6.4
"愛媛県","西予市",38947,7179,18.4
"愛媛県","東温市",33555,3398,10.1
"愛媛県","越智郡上島町",7077,1052,14.9
"愛媛県","上浮穴郡久万高原町",8537,1109,13.0
"愛媛県","伊予郡松前町",30907,3154,10.2
"愛媛県","伊予郡砥部町",21376,2296,10.7
"愛媛県","喜多郡内子町",16927,1410,8.3
"愛媛県","西宇和郡伊方町",9645,772,8.0
"愛媛県","北宇和郡松野町",4093,289,7.1
"愛媛県","北宇和郡鬼北町",10618,1218,11.5
"愛媛県","南宇和郡愛南町",22019,1730,7.9
"高知県","高知市",332276,24711,7.4
"高知県","室戸市",13817,1386,10.0
"高知県","安芸市",17736,1285,7.2
"高知県","南国市",47871,2736,5.7
"高知県","土佐市",27492,1467,5.3
"高知県","須崎市",22502,1068,4.7
"高知県","宿毛市",20943,1280,6.1
"高知県","土佐清水市",14032,1100,7.8
"高知県","四万十市",34430,2235,6.5
"高知県","香南市",33533,2233,6.7
"高知県","香美市",26407,1409,5.3
"高知県","安芸郡東洋町",2555,203,7.9
"高知県","安芸郡奈半利町",3271,203,6.2
"高知県","安芸郡田野町",2675,207,7.7
"高知県","安芸郡安田町",2748,153,5.6
"高知県","安芸郡北川村",1318,103,7.8
"高知県","安芸郡馬路村",904,35,3.9
"高知県","安芸郡芸西村",3800,186,4.9
"高知県","長岡郡本山町",3590,271,7.5
"高知県","長岡郡大豊町",3817,533,14.0
"高知県","土佐郡土佐町",3970,342,8.6
"高知県","土佐郡大川村",400,26,6.5
"高知県","吾川郡いの町",23349,1885,8.1
"高知県","吾川郡仁淀川町",5555,558,10.0
"高知県","高岡郡中土佐町",7050,381,5.4
"高知県","高岡郡佐川町",13070,850,6.5
"高知県","高岡郡越知町",5804,356,6.1
"高知県","高岡郡梼原町",3613,239,6.6
"高知県","高岡郡日高村",5094,372,7.3
"高知県","高岡郡津野町",5933,234,3.9
"高知県","高岡郡四万十町",17528,888,5.1
"高知県","幡多郡大月町",5217,371,7.1
"高知県","幡多郡三原村",1599,97,6.1
"高知県","幡多郡黒潮町",11390,617,5.4
"福岡県","北九州市",961024,100024,10.4
"福岡県","福岡市",1529040,170473,11.1
"福岡県","大牟田市",116578,16073,13.8
"福岡県","久留米市",306461,20873,6.8
"福岡県","直方市",57151,3976,7.0
"福岡県","飯塚市",129801,16852,13.0
"福岡県","田川市",48643,3943,8.1
"福岡県","柳川市",67242,4444,6.6
"福岡県","八女市",64637,4245,6.6
"福岡県","筑後市",49336,3160,6.4
"福岡県","大川市",34844,2240,6.4
"福岡県","行橋市",73360,7420,10.1
"福岡県","豊前市",26040,2302,8.8
"福岡県","中間市",42443,3490,8.2
"福岡県","小郡市",59623,5325,8.9
"福岡県","筑紫野市",103731,8849,8.5
"福岡県","春日市",113040,10976,9.7
"福岡県","大野城市",100541,8833,8.8
"福岡県","宗像市",97317,11655,12.0
"福岡県","太宰府市",71877,6812,9.5
"福岡県","古賀市",58721,5404,9.2
"福岡県","福津市",63079,7154,11.3
"福岡県","うきは市",30293,1476,4.9
"福岡県","宮若市",28346,2077,7.3
"福岡県","嘉麻市",39177,2894,7.4
"福岡県","朝倉市",54068,4177,7.7
"福岡県","みやま市",37992,2441,6.4
"福岡県","糸島市",100750,13888,13.8
"福岡県","筑紫郡那珂川町",50341,4481,8.9
"福岡県","糟屋郡宇美町",37376,3168,8.5
"福岡県","糟屋郡篠栗町",31537,2763,8.8
"福岡県","糟屋郡志免町",45807,4558,10.0
"福岡県","糟屋郡須惠町",28084,2902,10.3
"福岡県","糟屋郡新宮町",32564,4307,13.2
"福岡県","糟屋郡久山町",8771,715,8.2
"福岡県","糟屋郡粕屋町",47076,3484,7.4
"福岡県","遠賀郡芦屋町",14125,1527,10.8
"福岡県","遠賀郡水巻町",28866,2930,10.2
"福岡県","遠賀郡岡垣町",31973,4892,15.3
"福岡県","遠賀郡遠賀町",19383,2146,11.1
"福岡県","鞍手郡小竹町",7847,703,9.0
"福岡県","鞍手郡鞍手町",16316,1261,7.7
"福岡県","嘉穂郡桂川町",13671,1263,9.2
"福岡県","朝倉郡筑前町",29685,1988,6.7
"福岡県","朝倉郡東峰村",2175,188,8.6
"福岡県","三井郡大刀洗町",15566,1015,6.5
"福岡県","三潴郡大木町",14333,863,6.0
"福岡県","八女郡広川町",19811,1366,6.9
"福岡県","田川郡香春町",11209,1022,9.1
"福岡県","田川郡添田町",10185,1049,10.3
"福岡県","田川郡糸田町",9194,1002,10.9
"福岡県","田川郡川崎町",17152,1127,6.6
"福岡県","田川郡大任町",5242,439,8.4
"福岡県","田川郡赤村",3235,245,7.6
"福岡県","田川郡福智町",23246,1499,6.4
"福岡県","京都郡苅田町",37363,3967,10.6
"福岡県","京都郡みやこ町",20125,1782,8.9
"福岡県","築上郡吉富町",6854,546,8.0
"福岡県","築上郡上毛町",7737,602,7.8
"福岡県","築上郡築上町",18769,1335,7.1
"佐賀県","佐賀市",234127,27551,11.8
"佐賀県","唐津市",123775,10196,8.2
"佐賀県","鳥栖市",73286,7042,9.6
"佐賀県","多久市",19647,1816,9.2
"佐賀県","伊万里市",55641,4844,8.7
"佐賀県","武雄市",49315,4014,8.1
"佐賀県","鹿島市",29827,3196,10.7
"佐賀県","小城市",45439,3728,8.2
"佐賀県","嬉野市",26680,1894,7.1
"佐賀県","神埼市",31881,2998,9.4
"佐賀県","神埼郡吉野ヶ里町",16177,1433,8.9
"佐賀県","三養基郡基山町",17417,1831,10.5
"佐賀県","三養基郡上峰町",9595,803,8.4
"佐賀県","三養基郡みやき町",25473,2295,9.0
"佐賀県","東松浦郡玄海町",5731,351,6.1
"佐賀県","西松浦郡有田町",20336,1673,8.2
"佐賀県","杵島郡大町町",6684,620,9.3
"佐賀県","杵島郡江北町",9623,665,6.9
"佐賀県","杵島郡白石町",23613,1209,5.1
"佐賀県","藤津郡太良町",9005,563,6.3
"長崎県","長崎市",426631,51975,12.2
"長崎県","佐世保市",254386,38071,15.0
"長崎県","島原市",45919,4240,9.2
"長崎県","諫早市",138512,12074,8.7
"長崎県","大村市",95784,13675,14.3
"長崎県","平戸市",32116,2450,7.6
"長崎県","松浦市",23327,2338,10.0
"長崎県","対馬市",31413,3860,12.3
"長崎県","壱岐市",27202,3787,13.9
"長崎県","五島市",37700,5421,14.4
"長崎県","西海市",28487,3322,11.7
"長崎県","雲仙市",44629,3245,7.3
"長崎県","南島原市",47070,3073,6.5
"長崎県","西彼杵郡長与町",42339,4214,10.0
"長崎県","西彼杵郡時津町",30243,3203,10.6
"長崎県","東彼杵郡東彼杵町",8141,737,9.1
"長崎県","東彼杵郡川棚町",14107,1128,8.0
"長崎県","東彼杵郡波佐見町",14911,1009,6.8
"長崎県","北松浦郡小値賀町",2503,187,7.5
"長崎県","北松浦郡佐々町",13863,1186,8.6
"長崎県","南松浦郡新上五島町",19720,1859,9.4
"熊本県","熊本市",734317,95523,13.0
"熊本県","八代市",129029,12888,10.0
"熊本県","人吉市",33148,4023,12.1
"熊本県","荒尾市",53432,5068,9.5
"熊本県","水俣市",25102,3090,12.3
"熊本県","玉名市",67261,4787,7.1
"熊本県","山鹿市",53026,6030,11.4
"熊本県","菊池市",49411,3885,7.9
"熊本県","宇土市",37403,3513,9.4
"熊本県","上天草市",27924,2912,10.4
"熊本県","宇城市",59729,5013,8.4
"熊本県","阿蘇市",26773,2786,10.4
"熊本県","天草市",82560,8376,10.1
"熊本県","合志市",61555,5255,8.5
"熊本県","下益城郡美里町",10360,804,7.8
"熊本県","玉名郡玉東町",5321,385,7.2
"熊本県","玉名郡南関町",9986,828,8.3
"熊本県","玉名郡長洲町",16186,1722,10.6
"熊本県","玉名郡和水町",10327,910,8.8
"熊本県","菊池郡大津町",34388,2731,7.9
"熊本県","菊池郡菊陽町",41320,3863,9.3
"熊本県","阿蘇郡南小国町",4126,314,7.6
"熊本県","阿蘇郡小国町",7279,754,10.4
"熊本県","阿蘇郡産山村",1523,128,8.4
"熊本県","阿蘇郡高森町",6547,513,7.8
"熊本県","阿蘇郡西原村",6755,500,7.4
"熊本県","阿蘇郡南阿蘇村",10846,860,7.9
"熊本県","上益城郡御船町",17183,1674,9.7
"熊本県","上益城郡嘉島町",9225,813,8.8
"熊本県","上益城郡益城町",33054,3683,11.1
"熊本県","上益城郡甲佐町",10839,756,7.0
"熊本県","上益城郡山都町",15442,1356,8.8
"熊本県","八代郡氷川町",12114,860,7.1
"熊本県","葦北郡芦北町",17789,1951,11.0
"熊本県","葦北郡津奈木町",4692,451,9.6
"熊本県","球磨郡錦町",10882,838,7.7
"熊本県","球磨郡多良木町",9775,1003,10.3
"熊本県","球磨郡湯前町",4030,346,8.6
"熊本県","球磨郡水上村",2258,233,10.3
"熊本県","球磨郡相良村",4554,439,9.6
"熊本県","球磨郡五木村",1133,108,9.5
"熊本県","球磨郡山江村",3542,440,12.4
"熊本県","球磨郡球磨村",3839,317,8.3
"熊本県","球磨郡あさぎり町",15787,1450,9.2
"熊本県","天草郡苓北町",7412,496,6.7
"大分県","大分市",479557,43438,9.1
"大分県","別府市",118779,12302,10.4
"大分県","中津市",84608,9886,11.7
"大分県","日田市",66878,10140,15.2
"大分県","佐伯市",72908,7103,9.7
"大分県","臼杵市",39367,3810,9.7
"大分県","津久見市",18090,1525,8.4
"大分県","竹田市",22421,2604,11.6
"大分県","豊後高田市",22970,2830,12.3
"大分県","杵築市",29871,2906,9.7
"大分県","宇佐市",57090,4921,8.6
"大分県","豊後大野市",36824,3868,10.5
"大分県","由布市",34762,3050,8.8
"大分県","国東市",28736,3184,11.1
"大分県","東国東郡姫島村",2090,898,43.0
"大分県","速見郡日出町",28591,2700,9.4
"大分県","玖珠郡九重町",9718,1020,10.5
"大分県","玖珠郡玖珠町",15898,1415,8.9
"宮崎県","宮崎市",404017,61344,15.2
"宮崎県","都城市",166409,43608,26.2
"宮崎県","延岡市",125244,16806,13.4
"宮崎県","日南市",54271,9935,18.3
"宮崎県","小林市",46513,7770,16.7
"宮崎県","日向市",62310,4964,8.0
"宮崎県","串間市",18904,3861,20.4
"宮崎県","西都市",30867,4248,13.8
"宮崎県","えびの市",19951,2471,12.4
"宮崎県","北諸県郡三股町",26048,2345,9.0
"宮崎県","西諸県郡高原町",9544,802,8.4
"宮崎県","東諸県郡国富町",19722,1954,9.9
"宮崎県","東諸県郡綾町",7444,585,7.9
"宮崎県","児湯郡高鍋町",20678,2289,11.1
"宮崎県","児湯郡新富町",17595,1745,9.9
"宮崎県","児湯郡西米良村",1181,127,10.8
"宮崎県","児湯郡木城町",5361,465,8.7
"宮崎県","児湯郡川南町",15929,2465,15.5
"宮崎県","児湯郡都農町",10740,1127,10.5
"宮崎県","東臼杵郡門川町",18316,1310,7.2
"宮崎県","東臼杵郡諸塚村",1766,112,6.3
"宮崎県","東臼杵郡椎葉村",2883,188,6.5
"宮崎県","東臼杵郡美郷町",5646,570,10.1
"宮崎県","西臼杵郡高千穂町",12563,1051,8.4
"宮崎県","西臼杵郡日之影町",4121,261,6.3
"宮崎県","西臼杵郡五ヶ瀬町",3985,259,6.5
"鹿児島県","鹿児島市",605506,61486,10.2
"鹿児島県","鹿屋市",104381,11635,11.1
"鹿児島県","枕崎市",21807,2556,11.7
"鹿児島県","阿久根市",21065,2468,11.7
"鹿児島県","出水市",54176,5729,10.6
"鹿児島県","指宿市",41631,4356,10.5
"鹿児島県","西之表市",15681,3353,21.4
"鹿児島県","垂水市",15201,1296,8.5
"鹿児島県","薩摩川内市",96206,12553,13.0
"鹿児島県","日置市",49305,5957,12.1
"鹿児島県","曽於市",37010,2930,7.9
"鹿児島県","霧島市",126368,12855,10.2
"鹿児島県","いちき串木野市",28485,3012,10.6
"鹿児島県","南さつま市",34947,3104,8.9
"鹿児島県","志布志市",32021,2302,7.2
"鹿児島県","奄美市",43770,6180,14.1
"鹿児島県","南九州市",35954,3212,8.9
"鹿児島県","伊佐市",26537,2821,10.6
"鹿児島県","姶良市",77033,7456,9.7
"鹿児島県","鹿児島郡三島村",384,33,8.6
"鹿児島県","鹿児島郡十島村",709,58,8.2
"鹿児島県","薩摩郡さつま町",21815,1974,9.0
"鹿児島県","出水郡長島町",10629,921,8.7
"鹿児島県","姶良郡湧水町",9647,862,8.9
"鹿児島県","曽於郡大崎町",13419,1066,7.9
"鹿児島県","肝属郡東串良町",6717,525,7.8
"鹿児島県","肝属郡錦江町",7802,473,6.1
"鹿児島県","肝属郡南大隅町",7526,593,7.9
"鹿児島県","肝属郡肝付町",15774,1246,7.9
"鹿児島県","熊毛郡中種子町",8121,975,12.0
"鹿児島県","熊毛郡南種子町",5770,566,9.8
"鹿児島県","熊毛郡屋久島町",12792,1741,13.6
"鹿児島県","大島郡大和村",1524,166,10.9
"鹿児島県","大島郡宇検村",1775,260,14.6
"鹿児島県","大島郡瀬戸内町",9009,1102,12.2
"鹿児島県","大島郡龍郷町",6043,657,10.9
"鹿児島県","大島郡喜界町",7242,870,12.0
"鹿児島県","大島郡徳之島町",11045,1048,9.5
"鹿児島県","大島郡天城町",6117,657,10.7
"鹿児島県","大島郡伊仙町",6838,460,6.7
"鹿児島県","大島郡和泊町",6731,664,9.9
"鹿児島県","大島郡知名町",6076,924,15.2
"鹿児島県","大島郡与論町",5299,706,13.3
"沖縄県","那覇市",323290,31998,9.9
"沖縄県","宜野湾市",98377,7703,7.8
"沖縄県","石垣市",49392,5746,11.6
"沖縄県","浦添市",114372,8400,7.3
"沖縄県","名護市",62840,4021,6.4
"沖縄県","糸満市",61398,6032,9.8
"沖縄県","沖縄市",141775,13482,9.5
"沖縄県","豊見城市",63980,5097,8.0
"沖縄県","うるま市",123234,13725,11.1
"沖縄県","宮古島市",54442,5045,9.3
"沖縄県","南城市",43669,7567,17.3
"沖縄県","国頭郡国頭村",4871,453,9.3
"沖縄県","国頭郡大宜味村",3127,150,4.8
"沖縄県","国頭郡東村",1804,137,7.6
"沖縄県","国頭郡今帰仁村",9494,475,5.0
"沖縄県","国頭郡本部町",13348,879,6.6
"沖縄県","国頭郡恩納村",10937,588,5.4
"沖縄県","国頭郡宜野座村",5999,315,5.3
"沖縄県","国頭郡金武町",11524,931,8.1
"沖縄県","国頭郡伊江村",4596,619,13.5
"沖縄県","中頭郡読谷村",41444,3439,8.3
"沖縄県","中頭郡嘉手納町",13755,751,5.5
"沖縄県","中頭郡北谷町",29253,2343,8.0
"沖縄県","中頭郡北中城村",17110,1109,6.5
"沖縄県","中頭郡中城村",20755,1137,5.5
"沖縄県","中頭郡西原町",35194,2326,6.6
"沖縄県","島尻郡与那原町",19587,1392,7.1
"沖縄県","島尻郡南風原町",38580,2600,6.7
"沖縄県","島尻郡渡嘉敷村",701,44,6.3
"沖縄県","島尻郡座間味村",923,145,15.7
"沖縄県","島尻郡粟国村",709,82,11.6
"沖縄県","島尻郡渡名喜村",378,33,8.7
"沖縄県","島尻郡南大東村",1276,78,6.1
"沖縄県","島尻郡北大東村",572,131,22.9
"沖縄県","島尻郡伊平屋村",1258,73,5.8
"沖縄県","島尻郡伊是名村",1481,438,29.6
"沖縄県","島尻郡久米島町",7994,377,4.7
"沖縄県","島尻郡八重瀬町",30949,1869,6.0
"沖縄県","宮古郡多良間村",1169,65,5.6
"沖縄県","八重山郡竹富町",4270,607,14.2
"沖縄県","八重山郡与那国町",1709,155,9.1
